video_file,srt
intro,"1
00:00:00,000 --> 00:00:04,480
We're going to practice talking about preferences.

2
00:00:04,480 --> 00:00:14,280
We'll use the phrases, ""would you rather X or Y?"" and ""I would rather X.""

3
00:00:14,280 --> 00:00:20,160
So, you are going to record yourself asking your friends, family, and colleagues about their preferences.

4
00:00:20,160 --> 00:00:29,160
And when they respond, you will learn more about them and more about how to talk about preferences in English.

5
00:00:29,160 --> 00:00:36,240
So on the next three screens, you are going to repeat what I say exactly.

6
00:00:36,240 --> 00:00:37,800
Press the button to continue."
